choice_id,Question_id,Choice,location
1,1,True,A
2,1,False,B
3,2,True,A
4,2,False,B
5,3,Choice A for Q3,A
6,3,Choice B for Q3,B
7,3,Choice C for Q3,C
8,3,Choice D for Q3,D
9,4,True,A
10,4,False,B
11,5,True,A
12,5,False,B
13,6,True,A
14,6,False,B
15,7,True,A
16,7,False,B
17,8,Choice A for Q8,A
18,8,Choice B for Q8,B
19,8,Choice C for Q8,C
20,8,Choice D for Q8,D
21,9,Choice A for Q9,A
22,9,Choice B for Q9,B
23,9,Choice C for Q9,C
24,9,Choice D for Q9,D
25,10,True,A
26,10,False,B
27,11,True,A
28,11,False,B
29,12,Choice A for Q12,A
30,12,Choice B for Q12,B
31,12,Choice C for Q12,C
32,12,Choice D for Q12,D
33,13,Choice A for Q13,A
34,13,Choice B for Q13,B
35,13,Choice C for Q13,C
36,13,Choice D for Q13,D
37,14,True,A
38,14,False,B
39,15,True,A
40,15,False,B
41,16,Choice A for Q16,A
42,16,Choice B for Q16,B
43,16,Choice C for Q16,C
44,16,Choice D for Q16,D
45,17,True,A
46,17,False,B
47,18,True,A
48,18,False,B
49,19,Choice A for Q19,A
50,19,Choice B for Q19,B
51,19,Choice C for Q19,C
52,19,Choice D for Q19,D
53,20,True,A
54,20,False,B
55,21,True,A
56,21,False,B
57,22,True,A
58,22,False,B
59,23,True,A
60,23,False,B
61,24,True,A
62,24,False,B
63,25,Choice A for Q25,A
64,25,Choice B for Q25,B
65,25,Choice C for Q25,C
66,25,Choice D for Q25,D
67,26,Choice A for Q26,A
68,26,Choice B for Q26,B
69,26,Choice C for Q26,C
70,26,Choice D for Q26,D
71,27,True,A
72,27,False,B
73,28,True,A
74,28,False,B
75,29,True,A
76,29,False,B
77,30,Choice A for Q30,A
78,30,Choice B for Q30,B
79,30,Choice C for Q30,C
80,30,Choice D for Q30,D
81,31,Choice A for Q31,A
82,31,Choice B for Q31,B
83,31,Choice C for Q31,C
84,31,Choice D for Q31,D
85,32,Choice A for Q32,A
86,32,Choice B for Q32,B
87,32,Choice C for Q32,C
88,32,Choice D for Q32,D
89,33,Choice A for Q33,A
90,33,Choice B for Q33,B
91,33,Choice C for Q33,C
92,33,Choice D for Q33,D
93,34,True,A
94,34,False,B
95,35,True,A
96,35,False,B
97,36,True,A
98,36,False,B
99,37,True,A
100,37,False,B
101,38,True,A
102,38,False,B
103,39,Choice A for Q39,A
104,39,Choice B for Q39,B
105,39,Choice C for Q39,C
106,39,Choice D for Q39,D
107,40,True,A
108,40,False,B
109,41,True,A
110,41,False,B
111,42,Choice A for Q42,A
112,42,Choice B for Q42,B
113,42,Choice C for Q42,C
114,42,Choice D for Q42,D
115,43,True,A
116,43,False,B
117,44,True,A
118,44,False,B
119,45,Choice A for Q45,A
120,45,Choice B for Q45,B
121,45,Choice C for Q45,C
122,45,Choice D for Q45,D
123,46,True,A
124,46,False,B
125,47,True,A
126,47,False,B
127,48,Choice A for Q48,A
128,48,Choice B for Q48,B
129,48,Choice C for Q48,C
130,48,Choice D for Q48,D
131,49,True,A
132,49,False,B
133,50,Choice A for Q50,A
134,50,Choice B for Q50,B
135,50,Choice C for Q50,C
136,50,Choice D for Q50,D
137,51,True,A
138,51,False,B
139,52,True,A
140,52,False,B
141,53,True,A
142,53,False,B
143,54,True,A
144,54,False,B
145,55,True,A
146,55,False,B
147,56,Choice A for Q56,A
148,56,Choice B for Q56,B
149,56,Choice C for Q56,C
150,56,Choice D for Q56,D
151,57,Choice A for Q57,A
152,57,Choice B for Q57,B
153,57,Choice C for Q57,C
154,57,Choice D for Q57,D
155,58,Choice A for Q58,A
156,58,Choice B for Q58,B
157,58,Choice C for Q58,C
158,58,Choice D for Q58,D
159,59,True,A
160,59,False,B
161,60,True,A
162,60,False,B
163,61,Choice A for Q61,A
164,61,Choice B for Q61,B
165,61,Choice C for Q61,C
166,61,Choice D for Q61,D
167,62,Choice A for Q62,A
168,62,Choice B for Q62,B
169,62,Choice C for Q62,C
170,62,Choice D for Q62,D
171,63,True,A
172,63,False,B
173,64,True,A
174,64,False,B
175,65,True,A
176,65,False,B
177,66,Choice A for Q66,A
178,66,Choice B for Q66,B
179,66,Choice C for Q66,C
180,66,Choice D for Q66,D
181,67,True,A
182,67,False,B
183,68,True,A
184,68,False,B
185,69,True,A
186,69,False,B
187,70,True,A
188,70,False,B
189,71,Choice A for Q71,A
190,71,Choice B for Q71,B
191,71,Choice C for Q71,C
192,71,Choice D for Q71,D
193,72,True,A
194,72,False,B
195,73,Choice A for Q73,A
196,73,Choice B for Q73,B
197,73,Choice C for Q73,C
198,73,Choice D for Q73,D
199,74,True,A
200,74,False,B
201,75,True,A
202,75,False,B
203,76,Choice A for Q76,A
204,76,Choice B for Q76,B
205,76,Choice C for Q76,C
206,76,Choice D for Q76,D
207,77,True,A
208,77,False,B
209,78,True,A
210,78,False,B
211,79,Choice A for Q79,A
212,79,Choice B for Q79,B
213,79,Choice C for Q79,C
214,79,Choice D for Q79,D
215,80,Choice A for Q80,A
216,80,Choice B for Q80,B
217,80,Choice C for Q80,C
218,80,Choice D for Q80,D
219,81,True,A
220,81,False,B
221,82,True,A
222,82,False,B
223,83,True,A
224,83,False,B
225,84,Choice A for Q84,A
226,84,Choice B for Q84,B
227,84,Choice C for Q84,C
228,84,Choice D for Q84,D
229,85,Choice A for Q85,A
230,85,Choice B for Q85,B
231,85,Choice C for Q85,C
232,85,Choice D for Q85,D
233,86,True,A
234,86,False,B
235,87,True,A
236,87,False,B
237,88,True,A
238,88,False,B
239,89,Choice A for Q89,A
240,89,Choice B for Q89,B
241,89,Choice C for Q89,C
242,89,Choice D for Q89,D
243,90,True,A
244,90,False,B
245,91,True,A
246,91,False,B
247,92,Choice A for Q92,A
248,92,Choice B for Q92,B
249,92,Choice C for Q92,C
250,92,Choice D for Q92,D
251,93,True,A
252,93,False,B
253,94,Choice A for Q94,A
254,94,Choice B for Q94,B
255,94,Choice C for Q94,C
256,94,Choice D for Q94,D
257,95,True,A
258,95,False,B
259,96,True,A
260,96,False,B
261,97,True,A
262,97,False,B
263,98,True,A
264,98,False,B
265,99,True,A
266,99,False,B
267,100,True,A
268,100,False,B
269,101,True,A
270,101,False,B
271,102,True,A
272,102,False,B
273,103,True,A
274,103,False,B
275,104,True,A
276,104,False,B
277,105,True,A
278,105,False,B
279,106,Choice A for Q106,A
280,106,Choice B for Q106,B
281,106,Choice C for Q106,C
282,106,Choice D for Q106,D
283,107,Choice A for Q107,A
284,107,Choice B for Q107,B
285,107,Choice C for Q107,C
286,107,Choice D for Q107,D
287,108,True,A
288,108,False,B
289,109,Choice A for Q109,A
290,109,Choice B for Q109,B
291,109,Choice C for Q109,C
292,109,Choice D for Q109,D
293,110,Choice A for Q110,A
294,110,Choice B for Q110,B
295,110,Choice C for Q110,C
296,110,Choice D for Q110,D
297,111,Choice A for Q111,A
298,111,Choice B for Q111,B
299,111,Choice C for Q111,C
300,111,Choice D for Q111,D
301,112,True,A
302,112,False,B
303,113,Choice A for Q113,A
304,113,Choice B for Q113,B
305,113,Choice C for Q113,C
306,113,Choice D for Q113,D
307,114,Choice A for Q114,A
308,114,Choice B for Q114,B
309,114,Choice C for Q114,C
310,114,Choice D for Q114,D
311,115,True,A
312,115,False,B
313,116,Choice A for Q116,A
314,116,Choice B for Q116,B
315,116,Choice C for Q116,C
316,116,Choice D for Q116,D
317,117,True,A
318,117,False,B
319,118,Choice A for Q118,A
320,118,Choice B for Q118,B
321,118,Choice C for Q118,C
322,118,Choice D for Q118,D
323,119,True,A
324,119,False,B
325,120,True,A
326,120,False,B
327,121,True,A
328,121,False,B
329,122,True,A
330,122,False,B
331,123,Choice A for Q123,A
332,123,Choice B for Q123,B
333,123,Choice C for Q123,C
334,123,Choice D for Q123,D
335,124,Choice A for Q124,A
336,124,Choice B for Q124,B
337,124,Choice C for Q124,C
338,124,Choice D for Q124,D
339,125,True,A
340,125,False,B
341,126,Choice A for Q126,A
342,126,Choice B for Q126,B
343,126,Choice C for Q126,C
344,126,Choice D for Q126,D
345,127,Choice A for Q127,A
346,127,Choice B for Q127,B
347,127,Choice C for Q127,C
348,127,Choice D for Q127,D
349,128,True,A
350,128,False,B
351,129,True,A
352,129,False,B
353,130,True,A
354,130,False,B
355,131,True,A
356,131,False,B
357,132,True,A
358,132,False,B
359,133,Choice A for Q133,A
360,133,Choice B for Q133,B
361,133,Choice C for Q133,C
362,133,Choice D for Q133,D
363,134,True,A
364,134,False,B
365,135,True,A
366,135,False,B
367,136,True,A
368,136,False,B
369,137,Choice A for Q137,A
370,137,Choice B for Q137,B
371,137,Choice C for Q137,C
372,137,Choice D for Q137,D
373,138,True,A
374,138,False,B
375,139,True,A
376,139,False,B
377,140,True,A
378,140,False,B
379,141,True,A
380,141,False,B
381,142,True,A
382,142,False,B
383,143,True,A
384,143,False,B
385,144,Choice A for Q144,A
386,144,Choice B for Q144,B
387,144,Choice C for Q144,C
388,144,Choice D for Q144,D
389,145,True,A
390,145,False,B
391,146,True,A
392,146,False,B
393,147,True,A
394,147,False,B
395,148,True,A
396,148,False,B
397,149,True,A
398,149,False,B
399,150,True,A
400,150,False,B
401,151,Choice A for Q151,A
402,151,Choice B for Q151,B
403,151,Choice C for Q151,C
404,151,Choice D for Q151,D
405,152,True,A
406,152,False,B
407,153,True,A
408,153,False,B
409,154,True,A
410,154,False,B
411,155,True,A
412,155,False,B
413,156,True,A
414,156,False,B
415,157,True,A
416,157,False,B
417,158,True,A
418,158,False,B
419,159,True,A
420,159,False,B
421,160,Choice A for Q160,A
422,160,Choice B for Q160,B
423,160,Choice C for Q160,C
424,160,Choice D for Q160,D
425,161,True,A
426,161,False,B
427,162,True,A
428,162,False,B
429,163,Choice A for Q163,A
430,163,Choice B for Q163,B
431,163,Choice C for Q163,C
432,163,Choice D for Q163,D
433,164,True,A
434,164,False,B
435,165,Choice A for Q165,A
436,165,Choice B for Q165,B
437,165,Choice C for Q165,C
438,165,Choice D for Q165,D
439,166,True,A
440,166,False,B
441,167,True,A
442,167,False,B
443,168,True,A
444,168,False,B
445,169,True,A
446,169,False,B
447,170,True,A
448,170,False,B
449,171,True,A
450,171,False,B
451,172,True,A
452,172,False,B
453,173,True,A
454,173,False,B
455,174,True,A
456,174,False,B
457,175,Choice A for Q175,A
458,175,Choice B for Q175,B
459,175,Choice C for Q175,C
460,175,Choice D for Q175,D
461,176,True,A
462,176,False,B
463,177,True,A
464,177,False,B
465,178,True,A
466,178,False,B
467,179,True,A
468,179,False,B
469,180,True,A
470,180,False,B
471,181,True,A
472,181,False,B
473,182,True,A
474,182,False,B
475,183,True,A
476,183,False,B
477,184,True,A
478,184,False,B
479,185,True,A
480,185,False,B
481,186,True,A
482,186,False,B
483,187,True,A
484,187,False,B
485,188,Choice A for Q188,A
486,188,Choice B for Q188,B
487,188,Choice C for Q188,C
488,188,Choice D for Q188,D
489,189,True,A
490,189,False,B
491,190,True,A
492,190,False,B
493,191,Choice A for Q191,A
494,191,Choice B for Q191,B
495,191,Choice C for Q191,C
496,191,Choice D for Q191,D
497,192,True,A
498,192,False,B
499,193,Choice A for Q193,A
500,193,Choice B for Q193,B
501,193,Choice C for Q193,C
502,193,Choice D for Q193,D
503,194,True,A
504,194,False,B
505,195,Choice A for Q195,A
506,195,Choice B for Q195,B
507,195,Choice C for Q195,C
508,195,Choice D for Q195,D
509,196,True,A
510,196,False,B
511,197,Choice A for Q197,A
512,197,Choice B for Q197,B
513,197,Choice C for Q197,C
514,197,Choice D for Q197,D
515,198,True,A
516,198,False,B
517,199,Choice A for Q199,A
518,199,Choice B for Q199,B
519,199,Choice C for Q199,C
520,199,Choice D for Q199,D
521,200,Choice A for Q200,A
522,200,Choice B for Q200,B
523,200,Choice C for Q200,C
524,200,Choice D for Q200,D
525,201,Choice A for Q201,A
526,201,Choice B for Q201,B
527,201,Choice C for Q201,C
528,201,Choice D for Q201,D
529,202,Choice A for Q202,A
530,202,Choice B for Q202,B
531,202,Choice C for Q202,C
532,202,Choice D for Q202,D
533,203,True,A
534,203,False,B
535,204,True,A
536,204,False,B
537,205,True,A
538,205,False,B
539,206,True,A
540,206,False,B
541,207,True,A
542,207,False,B
543,208,True,A
544,208,False,B
545,209,True,A
546,209,False,B
547,210,Choice A for Q210,A
548,210,Choice B for Q210,B
549,210,Choice C for Q210,C
550,210,Choice D for Q210,D
551,211,Choice A for Q211,A
552,211,Choice B for Q211,B
553,211,Choice C for Q211,C
554,211,Choice D for Q211,D
555,212,Choice A for Q212,A
556,212,Choice B for Q212,B
557,212,Choice C for Q212,C
558,212,Choice D for Q212,D
559,213,True,A
560,213,False,B
561,214,True,A
562,214,False,B
563,215,True,A
564,215,False,B
565,216,True,A
566,216,False,B
567,217,Choice A for Q217,A
568,217,Choice B for Q217,B
569,217,Choice C for Q217,C
570,217,Choice D for Q217,D
571,218,True,A
572,218,False,B
573,219,Choice A for Q219,A
574,219,Choice B for Q219,B
575,219,Choice C for Q219,C
576,219,Choice D for Q219,D
577,220,True,A
578,220,False,B
579,221,Choice A for Q221,A
580,221,Choice B for Q221,B
581,221,Choice C for Q221,C
582,221,Choice D for Q221,D
583,222,True,A
584,222,False,B
585,223,True,A
586,223,False,B
587,224,True,A
588,224,False,B
589,225,True,A
590,225,False,B
591,226,Choice A for Q226,A
592,226,Choice B for Q226,B
593,226,Choice C for Q226,C
594,226,Choice D for Q226,D
595,227,Choice A for Q227,A
596,227,Choice B for Q227,B
597,227,Choice C for Q227,C
598,227,Choice D for Q227,D
599,228,True,A
600,228,False,B
601,229,Choice A for Q229,A
602,229,Choice B for Q229,B
603,229,Choice C for Q229,C
604,229,Choice D for Q229,D
605,230,Choice A for Q230,A
606,230,Choice B for Q230,B
607,230,Choice C for Q230,C
608,230,Choice D for Q230,D
609,231,Choice A for Q231,A
610,231,Choice B for Q231,B
611,231,Choice C for Q231,C
612,231,Choice D for Q231,D
613,232,Choice A for Q232,A
614,232,Choice B for Q232,B
615,232,Choice C for Q232,C
616,232,Choice D for Q232,D
617,233,Choice A for Q233,A
618,233,Choice B for Q233,B
619,233,Choice C for Q233,C
620,233,Choice D for Q233,D
621,234,Choice A for Q234,A
622,234,Choice B for Q234,B
623,234,Choice C for Q234,C
624,234,Choice D for Q234,D
625,235,True,A
626,235,False,B
627,236,Choice A for Q236,A
628,236,Choice B for Q236,B
629,236,Choice C for Q236,C
630,236,Choice D for Q236,D
631,237,True,A
632,237,False,B
633,238,True,A
634,238,False,B
635,239,True,A
636,239,False,B
637,240,True,A
638,240,False,B
639,241,Choice A for Q241,A
640,241,Choice B for Q241,B
641,241,Choice C for Q241,C
642,241,Choice D for Q241,D
643,242,True,A
644,242,False,B
645,243,Choice A for Q243,A
646,243,Choice B for Q243,B
647,243,Choice C for Q243,C
648,243,Choice D for Q243,D
649,244,True,A
650,244,False,B
651,245,Choice A for Q245,A
652,245,Choice B for Q245,B
653,245,Choice C for Q245,C
654,245,Choice D for Q245,D
655,246,Choice A for Q246,A
656,246,Choice B for Q246,B
657,246,Choice C for Q246,C
658,246,Choice D for Q246,D
659,247,Choice A for Q247,A
660,247,Choice B for Q247,B
661,247,Choice C for Q247,C
662,247,Choice D for Q247,D
663,248,Choice A for Q248,A
664,248,Choice B for Q248,B
665,248,Choice C for Q248,C
666,248,Choice D for Q248,D
667,249,Choice A for Q249,A
668,249,Choice B for Q249,B
669,249,Choice C for Q249,C
670,249,Choice D for Q249,D
671,250,True,A
672,250,False,B
673,251,True,A
674,251,False,B
675,252,True,A
676,252,False,B
677,253,Choice A for Q253,A
678,253,Choice B for Q253,B
679,253,Choice C for Q253,C
680,253,Choice D for Q253,D
681,254,Choice A for Q254,A
682,254,Choice B for Q254,B
683,254,Choice C for Q254,C
684,254,Choice D for Q254,D
685,255,Choice A for Q255,A
686,255,Choice B for Q255,B
687,255,Choice C for Q255,C
688,255,Choice D for Q255,D
689,256,True,A
690,256,False,B
691,257,True,A
692,257,False,B
693,258,True,A
694,258,False,B
695,259,Choice A for Q259,A
696,259,Choice B for Q259,B
697,259,Choice C for Q259,C
698,259,Choice D for Q259,D
699,260,True,A
700,260,False,B
701,261,True,A
702,261,False,B
703,262,True,A
704,262,False,B
705,263,True,A
706,263,False,B
707,264,True,A
708,264,False,B
709,265,Choice A for Q265,A
710,265,Choice B for Q265,B
711,265,Choice C for Q265,C
712,265,Choice D for Q265,D
713,266,True,A
714,266,False,B
715,267,Choice A for Q267,A
716,267,Choice B for Q267,B
717,267,Choice C for Q267,C
718,267,Choice D for Q267,D
719,268,True,A
720,268,False,B
721,269,Choice A for Q269,A
722,269,Choice B for Q269,B
723,269,Choice C for Q269,C
724,269,Choice D for Q269,D
725,270,Choice A for Q270,A
726,270,Choice B for Q270,B
727,270,Choice C for Q270,C
728,270,Choice D for Q270,D
729,271,Choice A for Q271,A
730,271,Choice B for Q271,B
731,271,Choice C for Q271,C
732,271,Choice D for Q271,D
733,272,True,A
734,272,False,B
735,273,Choice A for Q273,A
736,273,Choice B for Q273,B
737,273,Choice C for Q273,C
738,273,Choice D for Q273,D
739,274,Choice A for Q274,A
740,274,Choice B for Q274,B
741,274,Choice C for Q274,C
742,274,Choice D for Q274,D
743,275,True,A
744,275,False,B
745,276,True,A
746,276,False,B
747,277,True,A
748,277,False,B
749,278,Choice A for Q278,A
750,278,Choice B for Q278,B
751,278,Choice C for Q278,C
752,278,Choice D for Q278,D
753,279,True,A
754,279,False,B
755,280,True,A
756,280,False,B
757,281,True,A
758,281,False,B
759,282,True,A
760,282,False,B
761,283,True,A
762,283,False,B
763,284,True,A
764,284,False,B
765,285,True,A
766,285,False,B
767,286,True,A
768,286,False,B
769,287,Choice A for Q287,A
770,287,Choice B for Q287,B
771,287,Choice C for Q287,C
772,287,Choice D for Q287,D
773,288,True,A
774,288,False,B
775,289,Choice A for Q289,A
776,289,Choice B for Q289,B
777,289,Choice C for Q289,C
778,289,Choice D for Q289,D
779,290,True,A
780,290,False,B
781,291,Choice A for Q291,A
782,291,Choice B for Q291,B
783,291,Choice C for Q291,C
784,291,Choice D for Q291,D
785,292,True,A
786,292,False,B
787,293,True,A
788,293,False,B
789,294,Choice A for Q294,A
790,294,Choice B for Q294,B
791,294,Choice C for Q294,C
792,294,Choice D for Q294,D
793,295,True,A
794,295,False,B
795,296,True,A
796,296,False,B
797,297,Choice A for Q297,A
798,297,Choice B for Q297,B
799,297,Choice C for Q297,C
800,297,Choice D for Q297,D
801,298,True,A
802,298,False,B
803,299,True,A
804,299,False,B
805,300,Choice A for Q300,A
806,300,Choice B for Q300,B
807,300,Choice C for Q300,C
808,300,Choice D for Q300,D
809,301,True,A
810,301,False,B
811,302,True,A
812,302,False,B
813,303,Choice A for Q303,A
814,303,Choice B for Q303,B
815,303,Choice C for Q303,C
816,303,Choice D for Q303,D
817,304,True,A
818,304,False,B
819,305,Choice A for Q305,A
820,305,Choice B for Q305,B
821,305,Choice C for Q305,C
822,305,Choice D for Q305,D
823,306,True,A
824,306,False,B
825,307,Choice A for Q307,A
826,307,Choice B for Q307,B
827,307,Choice C for Q307,C
828,307,Choice D for Q307,D
829,308,True,A
830,308,False,B
831,309,True,A
832,309,False,B
833,310,Choice A for Q310,A
834,310,Choice B for Q310,B
835,310,Choice C for Q310,C
836,310,Choice D for Q310,D
837,311,True,A
838,311,False,B
839,312,True,A
840,312,False,B
841,313,Choice A for Q313,A
842,313,Choice B for Q313,B
843,313,Choice C for Q313,C
844,313,Choice D for Q313,D
845,314,True,A
846,314,False,B
847,315,Choice A for Q315,A
848,315,Choice B for Q315,B
849,315,Choice C for Q315,C
850,315,Choice D for Q315,D
851,316,True,A
852,316,False,B
853,317,Choice A for Q317,A
854,317,Choice B for Q317,B
855,317,Choice C for Q317,C
856,317,Choice D for Q317,D
857,318,True,A
858,318,False,B
859,319,True,A
860,319,False,B
861,320,Choice A for Q320,A
862,320,Choice B for Q320,B
863,320,Choice C for Q320,C
864,320,Choice D for Q320,D
865,321,Choice A for Q321,A
866,321,Choice B for Q321,B
867,321,Choice C for Q321,C
868,321,Choice D for Q321,D
869,322,True,A
870,322,False,B
871,323,True,A
872,323,False,B
873,324,Choice A for Q324,A
874,324,Choice B for Q324,B
875,324,Choice C for Q324,C
876,324,Choice D for Q324,D
877,325,Choice A for Q325,A
878,325,Choice B for Q325,B
879,325,Choice C for Q325,C
880,325,Choice D for Q325,D
881,326,True,A
882,326,False,B
883,327,Choice A for Q327,A
884,327,Choice B for Q327,B
885,327,Choice C for Q327,C
886,327,Choice D for Q327,D
887,328,Choice A for Q328,A
888,328,Choice B for Q328,B
889,328,Choice C for Q328,C
890,328,Choice D for Q328,D
891,329,True,A
892,329,False,B
893,330,True,A
894,330,False,B
895,331,Choice A for Q331,A
896,331,Choice B for Q331,B
897,331,Choice C for Q331,C
898,331,Choice D for Q331,D
899,332,True,A
900,332,False,B
901,333,Choice A for Q333,A
902,333,Choice B for Q333,B
903,333,Choice C for Q333,C
904,333,Choice D for Q333,D
905,334,True,A
906,334,False,B
907,335,True,A
908,335,False,B
909,336,True,A
910,336,False,B
911,337,Choice A for Q337,A
912,337,Choice B for Q337,B
913,337,Choice C for Q337,C
914,337,Choice D for Q337,D
915,338,Choice A for Q338,A
916,338,Choice B for Q338,B
917,338,Choice C for Q338,C
918,338,Choice D for Q338,D
919,339,Choice A for Q339,A
920,339,Choice B for Q339,B
921,339,Choice C for Q339,C
922,339,Choice D for Q339,D
923,340,True,A
924,340,False,B
925,341,True,A
926,341,False,B
927,342,Choice A for Q342,A
928,342,Choice B for Q342,B
929,342,Choice C for Q342,C
930,342,Choice D for Q342,D
931,343,Choice A for Q343,A
932,343,Choice B for Q343,B
933,343,Choice C for Q343,C
934,343,Choice D for Q343,D
935,344,True,A
936,344,False,B
937,345,True,A
938,345,False,B
939,346,True,A
940,346,False,B
941,347,True,A
942,347,False,B
943,348,True,A
944,348,False,B
945,349,True,A
946,349,False,B
947,350,Choice A for Q350,A
948,350,Choice B for Q350,B
949,350,Choice C for Q350,C
950,350,Choice D for Q350,D
951,351,True,A
952,351,False,B
953,352,True,A
954,352,False,B
955,353,Choice A for Q353,A
956,353,Choice B for Q353,B
957,353,Choice C for Q353,C
958,353,Choice D for Q353,D
959,354,Choice A for Q354,A
960,354,Choice B for Q354,B
961,354,Choice C for Q354,C
962,354,Choice D for Q354,D
963,355,Choice A for Q355,A
964,355,Choice B for Q355,B
965,355,Choice C for Q355,C
966,355,Choice D for Q355,D
967,356,Choice A for Q356,A
968,356,Choice B for Q356,B
969,356,Choice C for Q356,C
970,356,Choice D for Q356,D
971,357,Choice A for Q357,A
972,357,Choice B for Q357,B
973,357,Choice C for Q357,C
974,357,Choice D for Q357,D
975,358,True,A
976,358,False,B
977,359,True,A
978,359,False,B
979,360,True,A
980,360,False,B
981,361,True,A
982,361,False,B
983,362,True,A
984,362,False,B
985,363,True,A
986,363,False,B
987,364,True,A
988,364,False,B
989,365,True,A
990,365,False,B
991,366,Choice A for Q366,A
992,366,Choice B for Q366,B
993,366,Choice C for Q366,C
994,366,Choice D for Q366,D
995,367,Choice A for Q367,A
996,367,Choice B for Q367,B
997,367,Choice C for Q367,C
998,367,Choice D for Q367,D
999,368,True,A
1000,368,False,B
1001,369,True,A
1002,369,False,B
1003,370,True,A
1004,370,False,B
1005,371,Choice A for Q371,A
1006,371,Choice B for Q371,B
1007,371,Choice C for Q371,C
1008,371,Choice D for Q371,D
1009,372,True,A
1010,372,False,B
1011,373,True,A
1012,373,False,B
1013,374,True,A
1014,374,False,B
1015,375,Choice A for Q375,A
1016,375,Choice B for Q375,B
1017,375,Choice C for Q375,C
1018,375,Choice D for Q375,D
1019,376,True,A
1020,376,False,B
1021,377,Choice A for Q377,A
1022,377,Choice B for Q377,B
1023,377,Choice C for Q377,C
1024,377,Choice D for Q377,D
1025,378,Choice A for Q378,A
1026,378,Choice B for Q378,B
1027,378,Choice C for Q378,C
1028,378,Choice D for Q378,D
1029,379,Choice A for Q379,A
1030,379,Choice B for Q379,B
1031,379,Choice C for Q379,C
1032,379,Choice D for Q379,D
1033,380,Choice A for Q380,A
1034,380,Choice B for Q380,B
1035,380,Choice C for Q380,C
1036,380,Choice D for Q380,D
1037,381,Choice A for Q381,A
1038,381,Choice B for Q381,B
1039,381,Choice C for Q381,C
1040,381,Choice D for Q381,D
1041,382,True,A
1042,382,False,B
1043,383,True,A
1044,383,False,B
1045,384,Choice A for Q384,A
1046,384,Choice B for Q384,B
1047,384,Choice C for Q384,C
1048,384,Choice D for Q384,D
1049,385,True,A
1050,385,False,B
1051,386,True,A
1052,386,False,B
1053,387,Choice A for Q387,A
1054,387,Choice B for Q387,B
1055,387,Choice C for Q387,C
1056,387,Choice D for Q387,D
1057,388,Choice A for Q388,A
1058,388,Choice B for Q388,B
1059,388,Choice C for Q388,C
1060,388,Choice D for Q388,D
1061,389,Choice A for Q389,A
1062,389,Choice B for Q389,B
1063,389,Choice C for Q389,C
1064,389,Choice D for Q389,D
1065,390,True,A
1066,390,False,B
1067,391,True,A
1068,391,False,B
1069,392,Choice A for Q392,A
1070,392,Choice B for Q392,B
1071,392,Choice C for Q392,C
1072,392,Choice D for Q392,D
1073,393,True,A
1074,393,False,B
1075,394,True,A
1076,394,False,B
1077,395,True,A
1078,395,False,B
1079,396,Choice A for Q396,A
1080,396,Choice B for Q396,B
1081,396,Choice C for Q396,C
1082,396,Choice D for Q396,D
1083,397,True,A
1084,397,False,B
1085,398,True,A
1086,398,False,B
1087,399,Choice A for Q399,A
1088,399,Choice B for Q399,B
1089,399,Choice C for Q399,C
1090,399,Choice D for Q399,D
1091,400,True,A
1092,400,False,B
1093,401,True,A
1094,401,False,B
1095,402,True,A
1096,402,False,B
1097,403,True,A
1098,403,False,B
1099,404,True,A
1100,404,False,B
1101,405,Choice A for Q405,A
1102,405,Choice B for Q405,B
1103,405,Choice C for Q405,C
1104,405,Choice D for Q405,D
1105,406,Choice A for Q406,A
1106,406,Choice B for Q406,B
1107,406,Choice C for Q406,C
1108,406,Choice D for Q406,D
1109,407,True,A
1110,407,False,B
1111,408,Choice A for Q408,A
1112,408,Choice B for Q408,B
1113,408,Choice C for Q408,C
1114,408,Choice D for Q408,D
1115,409,True,A
1116,409,False,B
1117,410,Choice A for Q410,A
1118,410,Choice B for Q410,B
1119,410,Choice C for Q410,C
1120,410,Choice D for Q410,D
1121,411,True,A
1122,411,False,B
1123,412,Choice A for Q412,A
1124,412,Choice B for Q412,B
1125,412,Choice C for Q412,C
1126,412,Choice D for Q412,D
1127,413,Choice A for Q413,A
1128,413,Choice B for Q413,B
1129,413,Choice C for Q413,C
1130,413,Choice D for Q413,D
1131,414,Choice A for Q414,A
1132,414,Choice B for Q414,B
1133,414,Choice C for Q414,C
1134,414,Choice D for Q414,D
1135,415,True,A
1136,415,False,B
1137,416,True,A
1138,416,False,B
1139,417,True,A
1140,417,False,B
1141,418,True,A
1142,418,False,B
1143,419,Choice A for Q419,A
1144,419,Choice B for Q419,B
1145,419,Choice C for Q419,C
1146,419,Choice D for Q419,D
1147,420,True,A
1148,420,False,B
1149,421,True,A
1150,421,False,B
1151,422,True,A
1152,422,False,B
1153,423,True,A
1154,423,False,B
1155,424,Choice A for Q424,A
1156,424,Choice B for Q424,B
1157,424,Choice C for Q424,C
1158,424,Choice D for Q424,D
1159,425,Choice A for Q425,A
1160,425,Choice B for Q425,B
1161,425,Choice C for Q425,C
1162,425,Choice D for Q425,D
1163,426,Choice A for Q426,A
1164,426,Choice B for Q426,B
1165,426,Choice C for Q426,C
1166,426,Choice D for Q426,D
1167,427,True,A
1168,427,False,B
1169,428,True,A
1170,428,False,B
1171,429,True,A
1172,429,False,B
1173,430,True,A
1174,430,False,B
1175,431,True,A
1176,431,False,B
1177,432,True,A
1178,432,False,B
1179,433,Choice A for Q433,A
1180,433,Choice B for Q433,B
1181,433,Choice C for Q433,C
1182,433,Choice D for Q433,D
1183,434,True,A
1184,434,False,B
1185,435,True,A
1186,435,False,B
1187,436,True,A
1188,436,False,B
1189,437,Choice A for Q437,A
1190,437,Choice B for Q437,B
1191,437,Choice C for Q437,C
1192,437,Choice D for Q437,D
1193,438,True,A
1194,438,False,B
1195,439,Choice A for Q439,A
1196,439,Choice B for Q439,B
1197,439,Choice C for Q439,C
1198,439,Choice D for Q439,D
1199,440,True,A
1200,440,False,B
1201,441,True,A
1202,441,False,B
1203,442,Choice A for Q442,A
1204,442,Choice B for Q442,B
1205,442,Choice C for Q442,C
1206,442,Choice D for Q442,D
1207,443,True,A
1208,443,False,B
1209,444,True,A
1210,444,False,B
1211,445,True,A
1212,445,False,B
1213,446,True,A
1214,446,False,B
1215,447,Choice A for Q447,A
1216,447,Choice B for Q447,B
1217,447,Choice C for Q447,C
1218,447,Choice D for Q447,D
1219,448,True,A
1220,448,False,B
1221,449,Choice A for Q449,A
1222,449,Choice B for Q449,B
1223,449,Choice C for Q449,C
1224,449,Choice D for Q449,D
1225,450,Choice A for Q450,A
1226,450,Choice B for Q450,B
1227,450,Choice C for Q450,C
1228,450,Choice D for Q450,D
1229,451,True,A
1230,451,False,B
1231,452,True,A
1232,452,False,B
1233,453,True,A
1234,453,False,B
1235,454,True,A
1236,454,False,B
1237,455,Choice A for Q455,A
1238,455,Choice B for Q455,B
1239,455,Choice C for Q455,C
1240,455,Choice D for Q455,D
1241,456,True,A
1242,456,False,B
1243,457,True,A
1244,457,False,B
1245,458,True,A
1246,458,False,B
1247,459,Choice A for Q459,A
1248,459,Choice B for Q459,B
1249,459,Choice C for Q459,C
1250,459,Choice D for Q459,D
1251,460,True,A
1252,460,False,B
1253,461,True,A
1254,461,False,B
1255,462,Choice A for Q462,A
1256,462,Choice B for Q462,B
1257,462,Choice C for Q462,C
1258,462,Choice D for Q462,D
1259,463,Choice A for Q463,A
1260,463,Choice B for Q463,B
1261,463,Choice C for Q463,C
1262,463,Choice D for Q463,D
1263,464,True,A
1264,464,False,B
1265,465,True,A
1266,465,False,B
1267,466,True,A
1268,466,False,B
1269,467,True,A
1270,467,False,B
1271,468,True,A
1272,468,False,B
1273,469,Choice A for Q469,A
1274,469,Choice B for Q469,B
1275,469,Choice C for Q469,C
1276,469,Choice D for Q469,D
1277,470,True,A
1278,470,False,B
1279,471,True,A
1280,471,False,B
1281,472,True,A
1282,472,False,B
1283,473,True,A
1284,473,False,B
1285,474,True,A
1286,474,False,B
1287,475,Choice A for Q475,A
1288,475,Choice B for Q475,B
1289,475,Choice C for Q475,C
1290,475,Choice D for Q475,D
1291,476,Choice A for Q476,A
1292,476,Choice B for Q476,B
1293,476,Choice C for Q476,C
1294,476,Choice D for Q476,D
1295,477,Choice A for Q477,A
1296,477,Choice B for Q477,B
1297,477,Choice C for Q477,C
1298,477,Choice D for Q477,D
1299,478,True,A
1300,478,False,B
1301,479,Choice A for Q479,A
1302,479,Choice B for Q479,B
1303,479,Choice C for Q479,C
1304,479,Choice D for Q479,D
1305,480,True,A
1306,480,False,B
1307,481,True,A
1308,481,False,B
1309,482,True,A
1310,482,False,B
1311,483,True,A
1312,483,False,B
1313,484,True,A
1314,484,False,B
1315,485,True,A
1316,485,False,B
1317,486,Choice A for Q486,A
1318,486,Choice B for Q486,B
1319,486,Choice C for Q486,C
1320,486,Choice D for Q486,D
1321,487,True,A
1322,487,False,B
1323,488,True,A
1324,488,False,B
1325,489,Choice A for Q489,A
1326,489,Choice B for Q489,B
1327,489,Choice C for Q489,C
1328,489,Choice D for Q489,D
1329,490,True,A
1330,490,False,B
1331,491,Choice A for Q491,A
1332,491,Choice B for Q491,B
1333,491,Choice C for Q491,C
1334,491,Choice D for Q491,D
1335,492,True,A
1336,492,False,B
1337,493,True,A
1338,493,False,B
1339,494,True,A
1340,494,False,B
1341,495,True,A
1342,495,False,B
1343,496,True,A
1344,496,False,B
1345,497,Choice A for Q497,A
1346,497,Choice B for Q497,B
1347,497,Choice C for Q497,C
1348,497,Choice D for Q497,D
1349,498,True,A
1350,498,False,B
1351,499,Choice A for Q499,A
1352,499,Choice B for Q499,B
1353,499,Choice C for Q499,C
1354,499,Choice D for Q499,D
1355,500,True,A
1356,500,False,B
1357,501,Choice A for Q501,A
1358,501,Choice B for Q501,B
1359,501,Choice C for Q501,C
1360,501,Choice D for Q501,D
1361,502,True,A
1362,502,False,B
1363,503,Choice A for Q503,A
1364,503,Choice B for Q503,B
1365,503,Choice C for Q503,C
1366,503,Choice D for Q503,D
1367,504,True,A
1368,504,False,B
1369,505,True,A
1370,505,False,B
1371,506,Choice A for Q506,A
1372,506,Choice B for Q506,B
1373,506,Choice C for Q506,C
1374,506,Choice D for Q506,D
1375,507,Choice A for Q507,A
1376,507,Choice B for Q507,B
1377,507,Choice C for Q507,C
1378,507,Choice D for Q507,D
1379,508,Choice A for Q508,A
1380,508,Choice B for Q508,B
1381,508,Choice C for Q508,C
1382,508,Choice D for Q508,D
1383,509,True,A
1384,509,False,B
1385,510,Choice A for Q510,A
1386,510,Choice B for Q510,B
1387,510,Choice C for Q510,C
1388,510,Choice D for Q510,D
1389,511,True,A
1390,511,False,B
1391,512,True,A
1392,512,False,B
1393,513,Choice A for Q513,A
1394,513,Choice B for Q513,B
1395,513,Choice C for Q513,C
1396,513,Choice D for Q513,D
1397,514,True,A
1398,514,False,B
1399,515,True,A
1400,515,False,B
1401,516,True,A
1402,516,False,B
1403,517,True,A
1404,517,False,B
1405,518,Choice A for Q518,A
1406,518,Choice B for Q518,B
1407,518,Choice C for Q518,C
1408,518,Choice D for Q518,D
1409,519,True,A
1410,519,False,B
1411,520,True,A
1412,520,False,B
1413,521,Choice A for Q521,A
1414,521,Choice B for Q521,B
1415,521,Choice C for Q521,C
1416,521,Choice D for Q521,D
1417,522,True,A
1418,522,False,B
1419,523,Choice A for Q523,A
1420,523,Choice B for Q523,B
1421,523,Choice C for Q523,C
1422,523,Choice D for Q523,D
1423,524,Choice A for Q524,A
1424,524,Choice B for Q524,B
1425,524,Choice C for Q524,C
1426,524,Choice D for Q524,D
1427,525,True,A
1428,525,False,B
1429,526,True,A
1430,526,False,B
1431,527,True,A
1432,527,False,B
1433,528,True,A
1434,528,False,B
1435,529,Choice A for Q529,A
1436,529,Choice B for Q529,B
1437,529,Choice C for Q529,C
1438,529,Choice D for Q529,D
1439,530,True,A
1440,530,False,B
1441,531,Choice A for Q531,A
1442,531,Choice B for Q531,B
1443,531,Choice C for Q531,C
1444,531,Choice D for Q531,D
1445,532,True,A
1446,532,False,B
1447,533,True,A
1448,533,False,B
1449,534,True,A
1450,534,False,B
1451,535,Choice A for Q535,A
1452,535,Choice B for Q535,B
1453,535,Choice C for Q535,C
1454,535,Choice D for Q535,D
1455,536,True,A
1456,536,False,B
1457,537,Choice A for Q537,A
1458,537,Choice B for Q537,B
1459,537,Choice C for Q537,C
1460,537,Choice D for Q537,D
1461,538,True,A
1462,538,False,B
1463,539,Choice A for Q539,A
1464,539,Choice B for Q539,B
1465,539,Choice C for Q539,C
1466,539,Choice D for Q539,D
1467,540,True,A
1468,540,False,B
1469,541,True,A
1470,541,False,B
1471,542,True,A
1472,542,False,B
1473,543,True,A
1474,543,False,B
1475,544,True,A
1476,544,False,B
1477,545,True,A
1478,545,False,B
1479,546,True,A
1480,546,False,B
1481,547,Choice A for Q547,A
1482,547,Choice B for Q547,B
1483,547,Choice C for Q547,C
1484,547,Choice D for Q547,D
1485,548,Choice A for Q548,A
1486,548,Choice B for Q548,B
1487,548,Choice C for Q548,C
1488,548,Choice D for Q548,D
1489,549,True,A
1490,549,False,B
1491,550,True,A
1492,550,False,B
1493,551,Choice A for Q551,A
1494,551,Choice B for Q551,B
1495,551,Choice C for Q551,C
1496,551,Choice D for Q551,D
1497,552,True,A
1498,552,False,B
1499,553,True,A
1500,553,False,B
1501,554,True,A
1502,554,False,B
1503,555,Choice A for Q555,A
1504,555,Choice B for Q555,B
1505,555,Choice C for Q555,C
1506,555,Choice D for Q555,D
1507,556,True,A
1508,556,False,B
1509,557,True,A
1510,557,False,B
1511,558,True,A
1512,558,False,B
1513,559,True,A
1514,559,False,B
1515,560,Choice A for Q560,A
1516,560,Choice B for Q560,B
1517,560,Choice C for Q560,C
1518,560,Choice D for Q560,D
1519,561,True,A
1520,561,False,B
1521,562,Choice A for Q562,A
1522,562,Choice B for Q562,B
1523,562,Choice C for Q562,C
1524,562,Choice D for Q562,D
1525,563,True,A
1526,563,False,B
1527,564,True,A
1528,564,False,B
1529,565,Choice A for Q565,A
1530,565,Choice B for Q565,B
1531,565,Choice C for Q565,C
1532,565,Choice D for Q565,D
1533,566,True,A
1534,566,False,B
1535,567,True,A
1536,567,False,B
1537,568,True,A
1538,568,False,B
1539,569,True,A
1540,569,False,B
1541,570,True,A
1542,570,False,B
1543,571,Choice A for Q571,A
1544,571,Choice B for Q571,B
1545,571,Choice C for Q571,C
1546,571,Choice D for Q571,D
1547,572,True,A
1548,572,False,B
1549,573,Choice A for Q573,A
1550,573,Choice B for Q573,B
1551,573,Choice C for Q573,C
1552,573,Choice D for Q573,D
1553,574,Choice A for Q574,A
1554,574,Choice B for Q574,B
1555,574,Choice C for Q574,C
1556,574,Choice D for Q574,D
1557,575,True,A
1558,575,False,B
1559,576,Choice A for Q576,A
1560,576,Choice B for Q576,B
1561,576,Choice C for Q576,C
1562,576,Choice D for Q576,D
1563,577,True,A
1564,577,False,B
1565,578,True,A
1566,578,False,B
1567,579,Choice A for Q579,A
1568,579,Choice B for Q579,B
1569,579,Choice C for Q579,C
1570,579,Choice D for Q579,D
1571,580,True,A
1572,580,False,B
1573,581,True,A
1574,581,False,B
1575,582,Choice A for Q582,A
1576,582,Choice B for Q582,B
1577,582,Choice C for Q582,C
1578,582,Choice D for Q582,D
1579,583,True,A
1580,583,False,B
1581,584,True,A
1582,584,False,B
1583,585,Choice A for Q585,A
1584,585,Choice B for Q585,B
1585,585,Choice C for Q585,C
1586,585,Choice D for Q585,D
1587,586,True,A
1588,586,False,B
1589,587,True,A
1590,587,False,B
1591,588,True,A
1592,588,False,B
1593,589,Choice A for Q589,A
1594,589,Choice B for Q589,B
1595,589,Choice C for Q589,C
1596,589,Choice D for Q589,D
1597,590,True,A
1598,590,False,B
1599,591,True,A
1600,591,False,B
1601,592,True,A
1602,592,False,B
1603,593,True,A
1604,593,False,B
1605,594,True,A
1606,594,False,B
1607,595,True,A
1608,595,False,B
1609,596,Choice A for Q596,A
1610,596,Choice B for Q596,B
1611,596,Choice C for Q596,C
1612,596,Choice D for Q596,D
1613,597,True,A
1614,597,False,B
1615,598,True,A
1616,598,False,B
1617,599,True,A
1618,599,False,B
1619,600,True,A
1620,600,False,B
1621,601,True,A
1622,601,False,B
1623,602,True,A
1624,602,False,B
1625,603,True,A
1626,603,False,B
1627,604,True,A
1628,604,False,B
1629,605,Choice A for Q605,A
1630,605,Choice B for Q605,B
1631,605,Choice C for Q605,C
1632,605,Choice D for Q605,D
1633,606,True,A
1634,606,False,B
1635,607,True,A
1636,607,False,B
1637,608,True,A
1638,608,False,B
1639,609,Choice A for Q609,A
1640,609,Choice B for Q609,B
1641,609,Choice C for Q609,C
1642,609,Choice D for Q609,D
1643,610,Choice A for Q610,A
1644,610,Choice B for Q610,B
1645,610,Choice C for Q610,C
1646,610,Choice D for Q610,D
1647,611,True,A
1648,611,False,B
1649,612,True,A
1650,612,False,B
1651,613,True,A
1652,613,False,B
1653,614,True,A
1654,614,False,B
1655,615,Choice A for Q615,A
1656,615,Choice B for Q615,B
1657,615,Choice C for Q615,C
1658,615,Choice D for Q615,D
1659,616,True,A
1660,616,False,B
1661,617,Choice A for Q617,A
1662,617,Choice B for Q617,B
1663,617,Choice C for Q617,C
1664,617,Choice D for Q617,D
1665,618,True,A
1666,618,False,B
1667,619,True,A
1668,619,False,B
1669,620,Choice A for Q620,A
1670,620,Choice B for Q620,B
1671,620,Choice C for Q620,C
1672,620,Choice D for Q620,D
1673,621,True,A
1674,621,False,B
1675,622,Choice A for Q622,A
1676,622,Choice B for Q622,B
1677,622,Choice C for Q622,C
1678,622,Choice D for Q622,D
1679,623,True,A
1680,623,False,B
1681,624,Choice A for Q624,A
1682,624,Choice B for Q624,B
1683,624,Choice C for Q624,C
1684,624,Choice D for Q624,D
1685,625,True,A
1686,625,False,B
1687,626,True,A
1688,626,False,B
1689,627,Choice A for Q627,A
1690,627,Choice B for Q627,B
1691,627,Choice C for Q627,C
1692,627,Choice D for Q627,D
1693,628,True,A
1694,628,False,B
1695,629,True,A
1696,629,False,B
1697,630,True,A
1698,630,False,B
1699,631,Choice A for Q631,A
1700,631,Choice B for Q631,B
1701,631,Choice C for Q631,C
1702,631,Choice D for Q631,D
1703,632,Choice A for Q632,A
1704,632,Choice B for Q632,B
1705,632,Choice C for Q632,C
1706,632,Choice D for Q632,D
1707,633,Choice A for Q633,A
1708,633,Choice B for Q633,B
1709,633,Choice C for Q633,C
1710,633,Choice D for Q633,D
1711,634,Choice A for Q634,A
1712,634,Choice B for Q634,B
1713,634,Choice C for Q634,C
1714,634,Choice D for Q634,D
1715,635,Choice A for Q635,A
1716,635,Choice B for Q635,B
1717,635,Choice C for Q635,C
1718,635,Choice D for Q635,D
1719,636,True,A
1720,636,False,B
1721,637,True,A
1722,637,False,B
1723,638,Choice A for Q638,A
1724,638,Choice B for Q638,B
1725,638,Choice C for Q638,C
1726,638,Choice D for Q638,D
1727,639,Choice A for Q639,A
1728,639,Choice B for Q639,B
1729,639,Choice C for Q639,C
1730,639,Choice D for Q639,D
1731,640,True,A
1732,640,False,B
1733,641,True,A
1734,641,False,B
1735,642,True,A
1736,642,False,B
1737,643,True,A
1738,643,False,B
1739,644,Choice A for Q644,A
1740,644,Choice B for Q644,B
1741,644,Choice C for Q644,C
1742,644,Choice D for Q644,D
1743,645,True,A
1744,645,False,B
1745,646,Choice A for Q646,A
1746,646,Choice B for Q646,B
1747,646,Choice C for Q646,C
1748,646,Choice D for Q646,D
1749,647,True,A
1750,647,False,B
1751,648,True,A
1752,648,False,B
1753,649,Choice A for Q649,A
1754,649,Choice B for Q649,B
1755,649,Choice C for Q649,C
1756,649,Choice D for Q649,D
1757,650,True,A
1758,650,False,B
1759,651,Choice A for Q651,A
1760,651,Choice B for Q651,B
1761,651,Choice C for Q651,C
1762,651,Choice D for Q651,D
1763,652,True,A
1764,652,False,B
1765,653,True,A
1766,653,False,B
1767,654,True,A
1768,654,False,B
1769,655,True,A
1770,655,False,B
1771,656,True,A
1772,656,False,B
1773,657,True,A
1774,657,False,B
1775,658,Choice A for Q658,A
1776,658,Choice B for Q658,B
1777,658,Choice C for Q658,C
1778,658,Choice D for Q658,D
1779,659,True,A
1780,659,False,B
1781,660,True,A
1782,660,False,B
1783,661,True,A
1784,661,False,B
1785,662,True,A
1786,662,False,B
1787,663,True,A
1788,663,False,B
1789,664,Choice A for Q664,A
1790,664,Choice B for Q664,B
1791,664,Choice C for Q664,C
1792,664,Choice D for Q664,D
1793,665,True,A
1794,665,False,B
1795,666,True,A
1796,666,False,B
1797,667,True,A
1798,667,False,B
1799,668,True,A
1800,668,False,B
1801,669,True,A
1802,669,False,B
1803,670,Choice A for Q670,A
1804,670,Choice B for Q670,B
1805,670,Choice C for Q670,C
1806,670,Choice D for Q670,D
1807,671,Choice A for Q671,A
1808,671,Choice B for Q671,B
1809,671,Choice C for Q671,C
1810,671,Choice D for Q671,D
1811,672,True,A
1812,672,False,B
1813,673,True,A
1814,673,False,B
1815,674,True,A
1816,674,False,B
1817,675,True,A
1818,675,False,B
1819,676,True,A
1820,676,False,B
1821,677,True,A
1822,677,False,B
1823,678,True,A
1824,678,False,B
1825,679,True,A
1826,679,False,B
1827,680,True,A
1828,680,False,B
1829,681,Choice A for Q681,A
1830,681,Choice B for Q681,B
1831,681,Choice C for Q681,C
1832,681,Choice D for Q681,D
1833,682,True,A
1834,682,False,B
1835,683,True,A
1836,683,False,B
1837,684,True,A
1838,684,False,B
1839,685,True,A
1840,685,False,B
1841,686,True,A
1842,686,False,B
1843,687,True,A
1844,687,False,B
1845,688,Choice A for Q688,A
1846,688,Choice B for Q688,B
1847,688,Choice C for Q688,C
1848,688,Choice D for Q688,D
1849,689,True,A
1850,689,False,B
1851,690,True,A
1852,690,False,B
1853,691,True,A
1854,691,False,B
1855,692,True,A
1856,692,False,B
1857,693,True,A
1858,693,False,B
1859,694,True,A
1860,694,False,B
1861,695,True,A
1862,695,False,B
1863,696,True,A
1864,696,False,B
1865,697,Choice A for Q697,A
1866,697,Choice B for Q697,B
1867,697,Choice C for Q697,C
1868,697,Choice D for Q697,D
1869,698,Choice A for Q698,A
1870,698,Choice B for Q698,B
1871,698,Choice C for Q698,C
1872,698,Choice D for Q698,D
1873,699,Choice A for Q699,A
1874,699,Choice B for Q699,B
1875,699,Choice C for Q699,C
1876,699,Choice D for Q699,D
1877,700,Choice A for Q700,A
1878,700,Choice B for Q700,B
1879,700,Choice C for Q700,C
1880,700,Choice D for Q700,D
1881,701,Choice A for Q701,A
1882,701,Choice B for Q701,B
1883,701,Choice C for Q701,C
1884,701,Choice D for Q701,D
1885,702,True,A
1886,702,False,B
1887,703,Choice A for Q703,A
1888,703,Choice B for Q703,B
1889,703,Choice C for Q703,C
1890,703,Choice D for Q703,D
1891,704,Choice A for Q704,A
1892,704,Choice B for Q704,B
1893,704,Choice C for Q704,C
1894,704,Choice D for Q704,D
1895,705,Choice A for Q705,A
1896,705,Choice B for Q705,B
1897,705,Choice C for Q705,C
1898,705,Choice D for Q705,D
1899,706,True,A
1900,706,False,B
1901,707,True,A
1902,707,False,B
1903,708,True,A
1904,708,False,B
1905,709,True,A
1906,709,False,B
1907,710,True,A
1908,710,False,B
1909,711,True,A
1910,711,False,B
1911,712,True,A
1912,712,False,B
1913,713,True,A
1914,713,False,B
1915,714,True,A
1916,714,False,B
1917,715,Choice A for Q715,A
1918,715,Choice B for Q715,B
1919,715,Choice C for Q715,C
1920,715,Choice D for Q715,D
1921,716,Choice A for Q716,A
1922,716,Choice B for Q716,B
1923,716,Choice C for Q716,C
1924,716,Choice D for Q716,D
1925,717,True,A
1926,717,False,B
1927,718,Choice A for Q718,A
1928,718,Choice B for Q718,B
1929,718,Choice C for Q718,C
1930,718,Choice D for Q718,D
1931,719,True,A
1932,719,False,B
1933,720,True,A
1934,720,False,B
1935,721,Choice A for Q721,A
1936,721,Choice B for Q721,B
1937,721,Choice C for Q721,C
1938,721,Choice D for Q721,D
1939,722,True,A
1940,722,False,B
1941,723,True,A
1942,723,False,B
1943,724,True,A
1944,724,False,B
1945,725,Choice A for Q725,A
1946,725,Choice B for Q725,B
1947,725,Choice C for Q725,C
1948,725,Choice D for Q725,D
1949,726,True,A
1950,726,False,B
1951,727,True,A
1952,727,False,B
1953,728,True,A
1954,728,False,B
1955,729,True,A
1956,729,False,B
1957,730,Choice A for Q730,A
1958,730,Choice B for Q730,B
1959,730,Choice C for Q730,C
1960,730,Choice D for Q730,D
1961,731,Choice A for Q731,A
1962,731,Choice B for Q731,B
1963,731,Choice C for Q731,C
1964,731,Choice D for Q731,D
1965,732,True,A
1966,732,False,B
1967,733,True,A
1968,733,False,B
1969,734,True,A
1970,734,False,B
1971,735,True,A
1972,735,False,B
1973,736,Choice A for Q736,A
1974,736,Choice B for Q736,B
1975,736,Choice C for Q736,C
1976,736,Choice D for Q736,D
1977,737,True,A
1978,737,False,B
1979,738,Choice A for Q738,A
1980,738,Choice B for Q738,B
1981,738,Choice C for Q738,C
1982,738,Choice D for Q738,D
1983,739,Choice A for Q739,A
1984,739,Choice B for Q739,B
1985,739,Choice C for Q739,C
1986,739,Choice D for Q739,D
1987,740,Choice A for Q740,A
1988,740,Choice B for Q740,B
1989,740,Choice C for Q740,C
1990,740,Choice D for Q740,D
1991,741,True,A
1992,741,False,B
1993,742,Choice A for Q742,A
1994,742,Choice B for Q742,B
1995,742,Choice C for Q742,C
1996,742,Choice D for Q742,D
1997,743,True,A
1998,743,False,B
1999,744,True,A
2000,744,False,B
2001,745,True,A
2002,745,False,B
2003,746,True,A
2004,746,False,B
2005,747,True,A
2006,747,False,B
2007,748,Choice A for Q748,A
2008,748,Choice B for Q748,B
2009,748,Choice C for Q748,C
2010,748,Choice D for Q748,D
2011,749,True,A
2012,749,False,B
2013,750,True,A
2014,750,False,B
2015,751,True,A
2016,751,False,B
2017,752,True,A
2018,752,False,B
2019,753,True,A
2020,753,False,B
2021,754,True,A
2022,754,False,B
2023,755,Choice A for Q755,A
2024,755,Choice B for Q755,B
2025,755,Choice C for Q755,C
2026,755,Choice D for Q755,D
2027,756,Choice A for Q756,A
2028,756,Choice B for Q756,B
2029,756,Choice C for Q756,C
2030,756,Choice D for Q756,D
2031,757,True,A
2032,757,False,B
2033,758,True,A
2034,758,False,B
2035,759,Choice A for Q759,A
2036,759,Choice B for Q759,B
2037,759,Choice C for Q759,C
2038,759,Choice D for Q759,D
2039,760,Choice A for Q760,A
2040,760,Choice B for Q760,B
2041,760,Choice C for Q760,C
2042,760,Choice D for Q760,D
2043,761,Choice A for Q761,A
2044,761,Choice B for Q761,B
2045,761,Choice C for Q761,C
2046,761,Choice D for Q761,D
2047,762,True,A
2048,762,False,B
2049,763,True,A
2050,763,False,B
2051,764,Choice A for Q764,A
2052,764,Choice B for Q764,B
2053,764,Choice C for Q764,C
2054,764,Choice D for Q764,D
2055,765,True,A
2056,765,False,B
2057,766,True,A
2058,766,False,B
2059,767,Choice A for Q767,A
2060,767,Choice B for Q767,B
2061,767,Choice C for Q767,C
2062,767,Choice D for Q767,D
2063,768,Choice A for Q768,A
2064,768,Choice B for Q768,B
2065,768,Choice C for Q768,C
2066,768,Choice D for Q768,D
2067,769,True,A
2068,769,False,B
2069,770,True,A
2070,770,False,B
2071,771,True,A
2072,771,False,B
2073,772,Choice A for Q772,A
2074,772,Choice B for Q772,B
2075,772,Choice C for Q772,C
2076,772,Choice D for Q772,D
2077,773,True,A
2078,773,False,B
2079,774,True,A
2080,774,False,B
2081,775,Choice A for Q775,A
2082,775,Choice B for Q775,B
2083,775,Choice C for Q775,C
2084,775,Choice D for Q775,D
2085,776,Choice A for Q776,A
2086,776,Choice B for Q776,B
2087,776,Choice C for Q776,C
2088,776,Choice D for Q776,D
2089,777,True,A
2090,777,False,B
2091,778,Choice A for Q778,A
2092,778,Choice B for Q778,B
2093,778,Choice C for Q778,C
2094,778,Choice D for Q778,D
2095,779,True,A
2096,779,False,B
2097,780,True,A
2098,780,False,B
2099,781,True,A
2100,781,False,B
2101,782,Choice A for Q782,A
2102,782,Choice B for Q782,B
2103,782,Choice C for Q782,C
2104,782,Choice D for Q782,D
2105,783,True,A
2106,783,False,B
2107,784,True,A
2108,784,False,B
2109,785,Choice A for Q785,A
2110,785,Choice B for Q785,B
2111,785,Choice C for Q785,C
2112,785,Choice D for Q785,D
2113,786,True,A
2114,786,False,B
2115,787,True,A
2116,787,False,B
2117,788,True,A
2118,788,False,B
2119,789,True,A
2120,789,False,B
2121,790,True,A
2122,790,False,B
2123,791,True,A
2124,791,False,B
2125,792,True,A
2126,792,False,B
2127,793,Choice A for Q793,A
2128,793,Choice B for Q793,B
2129,793,Choice C for Q793,C
2130,793,Choice D for Q793,D
2131,794,True,A
2132,794,False,B
2133,795,True,A
2134,795,False,B
2135,796,Choice A for Q796,A
2136,796,Choice B for Q796,B
2137,796,Choice C for Q796,C
2138,796,Choice D for Q796,D
2139,797,True,A
2140,797,False,B
2141,798,Choice A for Q798,A
2142,798,Choice B for Q798,B
2143,798,Choice C for Q798,C
2144,798,Choice D for Q798,D
2145,799,True,A
2146,799,False,B
2147,800,True,A
2148,800,False,B
2149,801,True,A
2150,801,False,B
2151,802,True,A
2152,802,False,B
2153,803,True,A
2154,803,False,B
2155,804,Choice A for Q804,A
2156,804,Choice B for Q804,B
2157,804,Choice C for Q804,C
2158,804,Choice D for Q804,D
2159,805,True,A
2160,805,False,B
2161,806,Choice A for Q806,A
2162,806,Choice B for Q806,B
2163,806,Choice C for Q806,C
2164,806,Choice D for Q806,D
2165,807,Choice A for Q807,A
2166,807,Choice B for Q807,B
2167,807,Choice C for Q807,C
2168,807,Choice D for Q807,D
2169,808,Choice A for Q808,A
2170,808,Choice B for Q808,B
2171,808,Choice C for Q808,C
2172,808,Choice D for Q808,D
2173,809,True,A
2174,809,False,B
2175,810,True,A
2176,810,False,B
2177,811,True,A
2178,811,False,B
2179,812,True,A
2180,812,False,B
2181,813,Choice A for Q813,A
2182,813,Choice B for Q813,B
2183,813,Choice C for Q813,C
2184,813,Choice D for Q813,D
2185,814,True,A
2186,814,False,B
2187,815,True,A
2188,815,False,B
2189,816,True,A
2190,816,False,B
2191,817,True,A
2192,817,False,B
2193,818,True,A
2194,818,False,B
2195,819,Choice A for Q819,A
2196,819,Choice B for Q819,B
2197,819,Choice C for Q819,C
2198,819,Choice D for Q819,D
2199,820,True,A
2200,820,False,B
2201,821,True,A
2202,821,False,B
2203,822,Choice A for Q822,A
2204,822,Choice B for Q822,B
2205,822,Choice C for Q822,C
2206,822,Choice D for Q822,D
2207,823,True,A
2208,823,False,B
2209,824,True,A
2210,824,False,B
2211,825,True,A
2212,825,False,B
2213,826,Choice A for Q826,A
2214,826,Choice B for Q826,B
2215,826,Choice C for Q826,C
2216,826,Choice D for Q826,D
2217,827,True,A
2218,827,False,B
2219,828,True,A
2220,828,False,B
2221,829,Choice A for Q829,A
2222,829,Choice B for Q829,B
2223,829,Choice C for Q829,C
2224,829,Choice D for Q829,D
2225,830,True,A
2226,830,False,B
2227,831,True,A
2228,831,False,B
2229,832,True,A
2230,832,False,B
2231,833,True,A
2232,833,False,B
2233,834,True,A
2234,834,False,B
2235,835,True,A
2236,835,False,B
2237,836,Choice A for Q836,A
2238,836,Choice B for Q836,B
2239,836,Choice C for Q836,C
2240,836,Choice D for Q836,D
2241,837,True,A
2242,837,False,B
2243,838,True,A
2244,838,False,B
2245,839,True,A
2246,839,False,B
2247,840,Choice A for Q840,A
2248,840,Choice B for Q840,B
2249,840,Choice C for Q840,C
2250,840,Choice D for Q840,D
2251,841,Choice A for Q841,A
2252,841,Choice B for Q841,B
2253,841,Choice C for Q841,C
2254,841,Choice D for Q841,D
2255,842,True,A
2256,842,False,B
2257,843,True,A
2258,843,False,B
2259,844,True,A
2260,844,False,B
2261,845,True,A
2262,845,False,B
2263,846,True,A
2264,846,False,B
2265,847,True,A
2266,847,False,B
2267,848,True,A
2268,848,False,B
2269,849,True,A
2270,849,False,B
2271,850,True,A
2272,850,False,B
2273,851,True,A
2274,851,False,B
2275,852,True,A
2276,852,False,B
2277,853,Choice A for Q853,A
2278,853,Choice B for Q853,B
2279,853,Choice C for Q853,C
2280,853,Choice D for Q853,D
2281,854,Choice A for Q854,A
2282,854,Choice B for Q854,B
2283,854,Choice C for Q854,C
2284,854,Choice D for Q854,D
2285,855,True,A
2286,855,False,B
2287,856,True,A
2288,856,False,B
2289,857,True,A
2290,857,False,B
2291,858,Choice A for Q858,A
2292,858,Choice B for Q858,B
2293,858,Choice C for Q858,C
2294,858,Choice D for Q858,D
2295,859,True,A
2296,859,False,B
2297,860,True,A
2298,860,False,B
2299,861,True,A
2300,861,False,B
2301,862,True,A
2302,862,False,B
2303,863,Choice A for Q863,A
2304,863,Choice B for Q863,B
2305,863,Choice C for Q863,C
2306,863,Choice D for Q863,D
2307,864,True,A
2308,864,False,B
2309,865,Choice A for Q865,A
2310,865,Choice B for Q865,B
2311,865,Choice C for Q865,C
2312,865,Choice D for Q865,D
2313,866,Choice A for Q866,A
2314,866,Choice B for Q866,B
2315,866,Choice C for Q866,C
2316,866,Choice D for Q866,D
2317,867,True,A
2318,867,False,B
2319,868,Choice A for Q868,A
2320,868,Choice B for Q868,B
2321,868,Choice C for Q868,C
2322,868,Choice D for Q868,D
2323,869,True,A
2324,869,False,B
2325,870,True,A
2326,870,False,B
2327,871,Choice A for Q871,A
2328,871,Choice B for Q871,B
2329,871,Choice C for Q871,C
2330,871,Choice D for Q871,D
2331,872,Choice A for Q872,A
2332,872,Choice B for Q872,B
2333,872,Choice C for Q872,C
2334,872,Choice D for Q872,D
2335,873,True,A
2336,873,False,B
2337,874,True,A
2338,874,False,B
2339,875,True,A
2340,875,False,B
2341,876,True,A
2342,876,False,B
2343,877,Choice A for Q877,A
2344,877,Choice B for Q877,B
2345,877,Choice C for Q877,C
2346,877,Choice D for Q877,D
2347,878,True,A
2348,878,False,B
2349,879,True,A
2350,879,False,B
2351,880,True,A
2352,880,False,B
2353,881,Choice A for Q881,A
2354,881,Choice B for Q881,B
2355,881,Choice C for Q881,C
2356,881,Choice D for Q881,D
2357,882,True,A
2358,882,False,B
2359,883,True,A
2360,883,False,B
2361,884,Choice A for Q884,A
2362,884,Choice B for Q884,B
2363,884,Choice C for Q884,C
2364,884,Choice D for Q884,D
2365,885,True,A
2366,885,False,B
2367,886,True,A
2368,886,False,B
2369,887,True,A
2370,887,False,B
2371,888,Choice A for Q888,A
2372,888,Choice B for Q888,B
2373,888,Choice C for Q888,C
2374,888,Choice D for Q888,D
2375,889,True,A
2376,889,False,B
2377,890,Choice A for Q890,A
2378,890,Choice B for Q890,B
2379,890,Choice C for Q890,C
2380,890,Choice D for Q890,D
2381,891,True,A
2382,891,False,B
2383,892,Choice A for Q892,A
2384,892,Choice B for Q892,B
2385,892,Choice C for Q892,C
2386,892,Choice D for Q892,D
2387,893,Choice A for Q893,A
2388,893,Choice B for Q893,B
2389,893,Choice C for Q893,C
2390,893,Choice D for Q893,D
2391,894,Choice A for Q894,A
2392,894,Choice B for Q894,B
2393,894,Choice C for Q894,C
2394,894,Choice D for Q894,D
2395,895,True,A
2396,895,False,B
2397,896,Choice A for Q896,A
2398,896,Choice B for Q896,B
2399,896,Choice C for Q896,C
2400,896,Choice D for Q896,D
2401,897,Choice A for Q897,A
2402,897,Choice B for Q897,B
2403,897,Choice C for Q897,C
2404,897,Choice D for Q897,D
2405,898,True,A
2406,898,False,B
2407,899,True,A
2408,899,False,B
2409,900,True,A
2410,900,False,B
2411,901,True,A
2412,901,False,B
2413,902,True,A
2414,902,False,B
2415,903,True,A
2416,903,False,B
2417,904,True,A
2418,904,False,B
2419,905,Choice A for Q905,A
2420,905,Choice B for Q905,B
2421,905,Choice C for Q905,C
2422,905,Choice D for Q905,D
2423,906,True,A
2424,906,False,B
2425,907,Choice A for Q907,A
2426,907,Choice B for Q907,B
2427,907,Choice C for Q907,C
2428,907,Choice D for Q907,D
2429,908,True,A
2430,908,False,B
2431,909,True,A
2432,909,False,B
2433,910,True,A
2434,910,False,B
2435,911,True,A
2436,911,False,B
2437,912,True,A
2438,912,False,B
2439,913,Choice A for Q913,A
2440,913,Choice B for Q913,B
2441,913,Choice C for Q913,C
2442,913,Choice D for Q913,D
2443,914,True,A
2444,914,False,B
2445,915,Choice A for Q915,A
2446,915,Choice B for Q915,B
2447,915,Choice C for Q915,C
2448,915,Choice D for Q915,D
2449,916,True,A
2450,916,False,B
2451,917,True,A
2452,917,False,B
2453,918,True,A
2454,918,False,B
2455,919,True,A
2456,919,False,B
2457,920,Choice A for Q920,A
2458,920,Choice B for Q920,B
2459,920,Choice C for Q920,C
2460,920,Choice D for Q920,D
2461,921,Choice A for Q921,A
2462,921,Choice B for Q921,B
2463,921,Choice C for Q921,C
2464,921,Choice D for Q921,D
2465,922,Choice A for Q922,A
2466,922,Choice B for Q922,B
2467,922,Choice C for Q922,C
2468,922,Choice D for Q922,D
2469,923,True,A
2470,923,False,B
2471,924,True,A
2472,924,False,B
2473,925,True,A
2474,925,False,B
2475,926,Choice A for Q926,A
2476,926,Choice B for Q926,B
2477,926,Choice C for Q926,C
2478,926,Choice D for Q926,D
2479,927,True,A
2480,927,False,B
2481,928,True,A
2482,928,False,B
2483,929,True,A
2484,929,False,B
2485,930,Choice A for Q930,A
2486,930,Choice B for Q930,B
2487,930,Choice C for Q930,C
2488,930,Choice D for Q930,D
2489,931,True,A
2490,931,False,B
2491,932,True,A
2492,932,False,B
2493,933,Choice A for Q933,A
2494,933,Choice B for Q933,B
2495,933,Choice C for Q933,C
2496,933,Choice D for Q933,D
2497,934,True,A
2498,934,False,B
2499,935,True,A
2500,935,False,B
2501,936,True,A
2502,936,False,B
2503,937,True,A
2504,937,False,B
2505,938,True,A
2506,938,False,B
2507,939,True,A
2508,939,False,B
2509,940,Choice A for Q940,A
2510,940,Choice B for Q940,B
2511,940,Choice C for Q940,C
2512,940,Choice D for Q940,D
2513,941,Choice A for Q941,A
2514,941,Choice B for Q941,B
2515,941,Choice C for Q941,C
2516,941,Choice D for Q941,D
2517,942,True,A
2518,942,False,B
2519,943,Choice A for Q943,A
2520,943,Choice B for Q943,B
2521,943,Choice C for Q943,C
2522,943,Choice D for Q943,D
2523,944,True,A
2524,944,False,B
2525,945,True,A
2526,945,False,B
2527,946,Choice A for Q946,A
2528,946,Choice B for Q946,B
2529,946,Choice C for Q946,C
2530,946,Choice D for Q946,D
2531,947,True,A
2532,947,False,B
2533,948,Choice A for Q948,A
2534,948,Choice B for Q948,B
2535,948,Choice C for Q948,C
2536,948,Choice D for Q948,D
2537,949,True,A
2538,949,False,B
2539,950,True,A
2540,950,False,B
2541,951,Choice A for Q951,A
2542,951,Choice B for Q951,B
2543,951,Choice C for Q951,C
2544,951,Choice D for Q951,D
2545,952,True,A
2546,952,False,B
2547,953,True,A
2548,953,False,B
2549,954,True,A
2550,954,False,B
2551,955,Choice A for Q955,A
2552,955,Choice B for Q955,B
2553,955,Choice C for Q955,C
2554,955,Choice D for Q955,D
2555,956,Choice A for Q956,A
2556,956,Choice B for Q956,B
2557,956,Choice C for Q956,C
2558,956,Choice D for Q956,D
2559,957,True,A
2560,957,False,B
2561,958,True,A
2562,958,False,B
2563,959,True,A
2564,959,False,B
2565,960,True,A
2566,960,False,B
2567,961,True,A
2568,961,False,B
2569,962,True,A
2570,962,False,B
2571,963,True,A
2572,963,False,B
2573,964,Choice A for Q964,A
2574,964,Choice B for Q964,B
2575,964,Choice C for Q964,C
2576,964,Choice D for Q964,D
2577,965,True,A
2578,965,False,B
2579,966,True,A
2580,966,False,B
2581,967,Choice A for Q967,A
2582,967,Choice B for Q967,B
2583,967,Choice C for Q967,C
2584,967,Choice D for Q967,D
2585,968,True,A
2586,968,False,B
2587,969,True,A
2588,969,False,B
2589,970,True,A
2590,970,False,B
2591,971,True,A
2592,971,False,B
2593,972,True,A
2594,972,False,B
2595,973,True,A
2596,973,False,B
2597,974,Choice A for Q974,A
2598,974,Choice B for Q974,B
2599,974,Choice C for Q974,C
2600,974,Choice D for Q974,D
2601,975,True,A
2602,975,False,B
2603,976,True,A
2604,976,False,B
2605,977,Choice A for Q977,A
2606,977,Choice B for Q977,B
2607,977,Choice C for Q977,C
2608,977,Choice D for Q977,D
2609,978,True,A
2610,978,False,B
2611,979,Choice A for Q979,A
2612,979,Choice B for Q979,B
2613,979,Choice C for Q979,C
2614,979,Choice D for Q979,D
2615,980,Choice A for Q980,A
2616,980,Choice B for Q980,B
2617,980,Choice C for Q980,C
2618,980,Choice D for Q980,D
2619,981,True,A
2620,981,False,B
2621,982,Choice A for Q982,A
2622,982,Choice B for Q982,B
2623,982,Choice C for Q982,C
2624,982,Choice D for Q982,D
2625,983,True,A
2626,983,False,B
2627,984,True,A
2628,984,False,B
2629,985,True,A
2630,985,False,B
2631,986,True,A
2632,986,False,B
2633,987,True,A
2634,987,False,B
2635,988,True,A
2636,988,False,B
2637,989,Choice A for Q989,A
2638,989,Choice B for Q989,B
2639,989,Choice C for Q989,C
2640,989,Choice D for Q989,D
2641,990,Choice A for Q990,A
2642,990,Choice B for Q990,B
2643,990,Choice C for Q990,C
2644,990,Choice D for Q990,D
2645,991,True,A
2646,991,False,B
2647,992,True,A
2648,992,False,B
2649,993,True,A
2650,993,False,B
2651,994,True,A
2652,994,False,B
2653,995,True,A
2654,995,False,B
2655,996,True,A
2656,996,False,B
2657,997,True,A
2658,997,False,B
2659,998,True,A
2660,998,False,B
2661,999,True,A
2662,999,False,B
2663,1000,True,A
2664,1000,False,B
2665,1001,True,A
2666,1001,False,B
2667,1002,True,A
2668,1002,False,B
2669,1003,True,A
2670,1003,False,B
2671,1004,True,A
2672,1004,False,B
2673,1005,True,A
2674,1005,False,B
2675,1006,Choice A for Q1006,A
2676,1006,Choice B for Q1006,B
2677,1006,Choice C for Q1006,C
2678,1006,Choice D for Q1006,D
2679,1007,True,A
2680,1007,False,B
2681,1008,Choice A for Q1008,A
2682,1008,Choice B for Q1008,B
2683,1008,Choice C for Q1008,C
2684,1008,Choice D for Q1008,D
2685,1009,Choice A for Q1009,A
2686,1009,Choice B for Q1009,B
2687,1009,Choice C for Q1009,C
2688,1009,Choice D for Q1009,D
2689,1010,Choice A for Q1010,A
2690,1010,Choice B for Q1010,B
2691,1010,Choice C for Q1010,C
2692,1010,Choice D for Q1010,D
2693,1011,Choice A for Q1011,A
2694,1011,Choice B for Q1011,B
2695,1011,Choice C for Q1011,C
2696,1011,Choice D for Q1011,D
2697,1012,True,A
2698,1012,False,B
2699,1013,True,A
2700,1013,False,B
2701,1014,Choice A for Q1014,A
2702,1014,Choice B for Q1014,B
2703,1014,Choice C for Q1014,C
2704,1014,Choice D for Q1014,D
2705,1015,True,A
2706,1015,False,B
2707,1016,Choice A for Q1016,A
2708,1016,Choice B for Q1016,B
2709,1016,Choice C for Q1016,C
2710,1016,Choice D for Q1016,D
2711,1017,True,A
2712,1017,False,B
2713,1018,True,A
2714,1018,False,B
2715,1019,Choice A for Q1019,A
2716,1019,Choice B for Q1019,B
2717,1019,Choice C for Q1019,C
2718,1019,Choice D for Q1019,D
2719,1020,True,A
2720,1020,False,B
2721,1021,Choice A for Q1021,A
2722,1021,Choice B for Q1021,B
2723,1021,Choice C for Q1021,C
2724,1021,Choice D for Q1021,D
2725,1022,Choice A for Q1022,A
2726,1022,Choice B for Q1022,B
2727,1022,Choice C for Q1022,C
2728,1022,Choice D for Q1022,D
2729,1023,True,A
2730,1023,False,B
2731,1024,True,A
2732,1024,False,B
2733,1025,True,A
2734,1025,False,B
2735,1026,Choice A for Q1026,A
2736,1026,Choice B for Q1026,B
2737,1026,Choice C for Q1026,C
2738,1026,Choice D for Q1026,D
2739,1027,True,A
2740,1027,False,B
2741,1028,True,A
2742,1028,False,B
2743,1029,True,A
2744,1029,False,B
2745,1030,Choice A for Q1030,A
2746,1030,Choice B for Q1030,B
2747,1030,Choice C for Q1030,C
2748,1030,Choice D for Q1030,D
2749,1031,True,A
2750,1031,False,B
2751,1032,True,A
2752,1032,False,B
2753,1033,Choice A for Q1033,A
2754,1033,Choice B for Q1033,B
2755,1033,Choice C for Q1033,C
2756,1033,Choice D for Q1033,D
2757,1034,True,A
2758,1034,False,B
2759,1035,True,A
2760,1035,False,B
2761,1036,Choice A for Q1036,A
2762,1036,Choice B for Q1036,B
2763,1036,Choice C for Q1036,C
2764,1036,Choice D for Q1036,D
2765,1037,Choice A for Q1037,A
2766,1037,Choice B for Q1037,B
2767,1037,Choice C for Q1037,C
2768,1037,Choice D for Q1037,D
2769,1038,True,A
2770,1038,False,B
2771,1039,True,A
2772,1039,False,B
2773,1040,True,A
2774,1040,False,B
2775,1041,True,A
2776,1041,False,B
2777,1042,True,A
2778,1042,False,B
2779,1043,True,A
2780,1043,False,B
2781,1044,True,A
2782,1044,False,B
2783,1045,True,A
2784,1045,False,B
2785,1046,Choice A for Q1046,A
2786,1046,Choice B for Q1046,B
2787,1046,Choice C for Q1046,C
2788,1046,Choice D for Q1046,D
2789,1047,Choice A for Q1047,A
2790,1047,Choice B for Q1047,B
2791,1047,Choice C for Q1047,C
2792,1047,Choice D for Q1047,D
2793,1048,True,A
2794,1048,False,B
2795,1049,True,A
2796,1049,False,B
2797,1050,True,A
2798,1050,False,B
2799,1051,True,A
2800,1051,False,B
2801,1052,True,A
2802,1052,False,B
2803,1053,True,A
2804,1053,False,B
2805,1054,True,A
2806,1054,False,B
2807,1055,Choice A for Q1055,A
2808,1055,Choice B for Q1055,B
2809,1055,Choice C for Q1055,C
2810,1055,Choice D for Q1055,D
2811,1056,True,A
2812,1056,False,B
2813,1057,Choice A for Q1057,A
2814,1057,Choice B for Q1057,B
2815,1057,Choice C for Q1057,C
2816,1057,Choice D for Q1057,D
2817,1058,Choice A for Q1058,A
2818,1058,Choice B for Q1058,B
2819,1058,Choice C for Q1058,C
2820,1058,Choice D for Q1058,D
2821,1059,True,A
2822,1059,False,B
2823,1060,Choice A for Q1060,A
2824,1060,Choice B for Q1060,B
2825,1060,Choice C for Q1060,C
2826,1060,Choice D for Q1060,D
2827,1061,True,A
2828,1061,False,B
2829,1062,Choice A for Q1062,A
2830,1062,Choice B for Q1062,B
2831,1062,Choice C for Q1062,C
2832,1062,Choice D for Q1062,D
2833,1063,Choice A for Q1063,A
2834,1063,Choice B for Q1063,B
2835,1063,Choice C for Q1063,C
2836,1063,Choice D for Q1063,D
2837,1064,Choice A for Q1064,A
2838,1064,Choice B for Q1064,B
2839,1064,Choice C for Q1064,C
2840,1064,Choice D for Q1064,D
2841,1065,True,A
2842,1065,False,B
2843,1066,True,A
2844,1066,False,B
2845,1067,Choice A for Q1067,A
2846,1067,Choice B for Q1067,B
2847,1067,Choice C for Q1067,C
2848,1067,Choice D for Q1067,D
2849,1068,Choice A for Q1068,A
2850,1068,Choice B for Q1068,B
2851,1068,Choice C for Q1068,C
2852,1068,Choice D for Q1068,D
2853,1069,True,A
2854,1069,False,B
2855,1070,True,A
2856,1070,False,B
2857,1071,True,A
2858,1071,False,B
2859,1072,True,A
2860,1072,False,B
2861,1073,Choice A for Q1073,A
2862,1073,Choice B for Q1073,B
2863,1073,Choice C for Q1073,C
2864,1073,Choice D for Q1073,D
2865,1074,Choice A for Q1074,A
2866,1074,Choice B for Q1074,B
2867,1074,Choice C for Q1074,C
2868,1074,Choice D for Q1074,D
2869,1075,True,A
2870,1075,False,B
2871,1076,Choice A for Q1076,A
2872,1076,Choice B for Q1076,B
2873,1076,Choice C for Q1076,C
2874,1076,Choice D for Q1076,D
2875,1077,True,A
2876,1077,False,B
2877,1078,True,A
2878,1078,False,B
2879,1079,True,A
2880,1079,False,B
2881,1080,True,A
2882,1080,False,B
2883,1081,Choice A for Q1081,A
2884,1081,Choice B for Q1081,B
2885,1081,Choice C for Q1081,C
2886,1081,Choice D for Q1081,D
2887,1082,True,A
2888,1082,False,B
2889,1083,Choice A for Q1083,A
2890,1083,Choice B for Q1083,B
2891,1083,Choice C for Q1083,C
2892,1083,Choice D for Q1083,D
2893,1084,True,A
2894,1084,False,B
2895,1085,Choice A for Q1085,A
2896,1085,Choice B for Q1085,B
2897,1085,Choice C for Q1085,C
2898,1085,Choice D for Q1085,D
2899,1086,Choice A for Q1086,A
2900,1086,Choice B for Q1086,B
2901,1086,Choice C for Q1086,C
2902,1086,Choice D for Q1086,D
2903,1087,True,A
2904,1087,False,B
2905,1088,Choice A for Q1088,A
2906,1088,Choice B for Q1088,B
2907,1088,Choice C for Q1088,C
2908,1088,Choice D for Q1088,D
2909,1089,Choice A for Q1089,A
2910,1089,Choice B for Q1089,B
2911,1089,Choice C for Q1089,C
2912,1089,Choice D for Q1089,D
2913,1090,Choice A for Q1090,A
2914,1090,Choice B for Q1090,B
2915,1090,Choice C for Q1090,C
2916,1090,Choice D for Q1090,D
2917,1091,Choice A for Q1091,A
2918,1091,Choice B for Q1091,B
2919,1091,Choice C for Q1091,C
2920,1091,Choice D for Q1091,D
2921,1092,Choice A for Q1092,A
2922,1092,Choice B for Q1092,B
2923,1092,Choice C for Q1092,C
2924,1092,Choice D for Q1092,D
2925,1093,Choice A for Q1093,A
2926,1093,Choice B for Q1093,B
2927,1093,Choice C for Q1093,C
2928,1093,Choice D for Q1093,D
2929,1094,Choice A for Q1094,A
2930,1094,Choice B for Q1094,B
2931,1094,Choice C for Q1094,C
2932,1094,Choice D for Q1094,D
2933,1095,True,A
2934,1095,False,B
2935,1096,Choice A for Q1096,A
2936,1096,Choice B for Q1096,B
2937,1096,Choice C for Q1096,C
2938,1096,Choice D for Q1096,D
2939,1097,Choice A for Q1097,A
2940,1097,Choice B for Q1097,B
2941,1097,Choice C for Q1097,C
2942,1097,Choice D for Q1097,D
2943,1098,True,A
2944,1098,False,B
2945,1099,Choice A for Q1099,A
2946,1099,Choice B for Q1099,B
2947,1099,Choice C for Q1099,C
2948,1099,Choice D for Q1099,D
2949,1100,Choice A for Q1100,A
2950,1100,Choice B for Q1100,B
2951,1100,Choice C for Q1100,C
2952,1100,Choice D for Q1100,D
2953,1101,True,A
2954,1101,False,B
2955,1102,Choice A for Q1102,A
2956,1102,Choice B for Q1102,B
2957,1102,Choice C for Q1102,C
2958,1102,Choice D for Q1102,D
2959,1103,True,A
2960,1103,False,B
2961,1104,Choice A for Q1104,A
2962,1104,Choice B for Q1104,B
2963,1104,Choice C for Q1104,C
2964,1104,Choice D for Q1104,D
2965,1105,True,A
2966,1105,False,B
2967,1106,True,A
2968,1106,False,B
2969,1107,True,A
2970,1107,False,B
2971,1108,True,A
2972,1108,False,B
2973,1109,Choice A for Q1109,A
2974,1109,Choice B for Q1109,B
2975,1109,Choice C for Q1109,C
2976,1109,Choice D for Q1109,D
2977,1110,True,A
2978,1110,False,B
2979,1111,True,A
2980,1111,False,B
2981,1112,True,A
2982,1112,False,B
2983,1113,True,A
2984,1113,False,B
2985,1114,True,A
2986,1114,False,B
2987,1115,True,A
2988,1115,False,B
2989,1116,True,A
2990,1116,False,B
2991,1117,True,A
2992,1117,False,B
2993,1118,Choice A for Q1118,A
2994,1118,Choice B for Q1118,B
2995,1118,Choice C for Q1118,C
2996,1118,Choice D for Q1118,D
2997,1119,True,A
2998,1119,False,B
2999,1120,True,A
3000,1120,False,B
3001,1121,True,A
3002,1121,False,B
3003,1122,True,A
3004,1122,False,B
3005,1123,True,A
3006,1123,False,B
3007,1124,True,A
3008,1124,False,B
3009,1125,Choice A for Q1125,A
3010,1125,Choice B for Q1125,B
3011,1125,Choice C for Q1125,C
3012,1125,Choice D for Q1125,D
3013,1126,True,A
3014,1126,False,B
3015,1127,True,A
3016,1127,False,B
3017,1128,Choice A for Q1128,A
3018,1128,Choice B for Q1128,B
3019,1128,Choice C for Q1128,C
3020,1128,Choice D for Q1128,D
3021,1129,True,A
3022,1129,False,B
3023,1130,True,A
3024,1130,False,B
3025,1131,True,A
3026,1131,False,B
3027,1132,Choice A for Q1132,A
3028,1132,Choice B for Q1132,B
3029,1132,Choice C for Q1132,C
3030,1132,Choice D for Q1132,D
3031,1133,True,A
3032,1133,False,B
3033,1134,True,A
3034,1134,False,B
3035,1135,True,A
3036,1135,False,B
3037,1136,True,A
3038,1136,False,B
3039,1137,True,A
3040,1137,False,B
3041,1138,True,A
3042,1138,False,B
3043,1139,True,A
3044,1139,False,B
3045,1140,True,A
3046,1140,False,B
3047,1141,True,A
3048,1141,False,B
3049,1142,True,A
3050,1142,False,B
3051,1143,True,A
3052,1143,False,B
3053,1144,True,A
3054,1144,False,B
3055,1145,True,A
3056,1145,False,B
3057,1146,True,A
3058,1146,False,B
3059,1147,True,A
3060,1147,False,B
3061,1148,Choice A for Q1148,A
3062,1148,Choice B for Q1148,B
3063,1148,Choice C for Q1148,C
3064,1148,Choice D for Q1148,D
3065,1149,True,A
3066,1149,False,B
3067,1150,True,A
3068,1150,False,B
3069,1151,True,A
3070,1151,False,B
3071,1152,Choice A for Q1152,A
3072,1152,Choice B for Q1152,B
3073,1152,Choice C for Q1152,C
3074,1152,Choice D for Q1152,D
3075,1153,True,A
3076,1153,False,B
3077,1154,Choice A for Q1154,A
3078,1154,Choice B for Q1154,B
3079,1154,Choice C for Q1154,C
3080,1154,Choice D for Q1154,D
3081,1155,True,A
3082,1155,False,B
3083,1156,True,A
3084,1156,False,B
3085,1157,True,A
3086,1157,False,B
3087,1158,True,A
3088,1158,False,B
3089,1159,True,A
3090,1159,False,B
3091,1160,True,A
3092,1160,False,B
3093,1161,Choice A for Q1161,A
3094,1161,Choice B for Q1161,B
3095,1161,Choice C for Q1161,C
3096,1161,Choice D for Q1161,D
3097,1162,Choice A for Q1162,A
3098,1162,Choice B for Q1162,B
3099,1162,Choice C for Q1162,C
3100,1162,Choice D for Q1162,D
3101,1163,True,A
3102,1163,False,B
3103,1164,True,A
3104,1164,False,B
3105,1165,True,A
3106,1165,False,B
3107,1166,True,A
3108,1166,False,B
3109,1167,True,A
3110,1167,False,B
3111,1168,True,A
3112,1168,False,B
3113,1169,Choice A for Q1169,A
3114,1169,Choice B for Q1169,B
3115,1169,Choice C for Q1169,C
3116,1169,Choice D for Q1169,D
3117,1170,Choice A for Q1170,A
3118,1170,Choice B for Q1170,B
3119,1170,Choice C for Q1170,C
3120,1170,Choice D for Q1170,D
3121,1171,True,A
3122,1171,False,B
3123,1172,True,A
3124,1172,False,B
3125,1173,Choice A for Q1173,A
3126,1173,Choice B for Q1173,B
3127,1173,Choice C for Q1173,C
3128,1173,Choice D for Q1173,D
3129,1174,Choice A for Q1174,A
3130,1174,Choice B for Q1174,B
3131,1174,Choice C for Q1174,C
3132,1174,Choice D for Q1174,D
3133,1175,True,A
3134,1175,False,B
3135,1176,Choice A for Q1176,A
3136,1176,Choice B for Q1176,B
3137,1176,Choice C for Q1176,C
3138,1176,Choice D for Q1176,D
3139,1177,True,A
3140,1177,False,B
3141,1178,True,A
3142,1178,False,B
3143,1179,Choice A for Q1179,A
3144,1179,Choice B for Q1179,B
3145,1179,Choice C for Q1179,C
3146,1179,Choice D for Q1179,D
3147,1180,True,A
3148,1180,False,B
3149,1181,True,A
3150,1181,False,B
3151,1182,True,A
3152,1182,False,B
3153,1183,True,A
3154,1183,False,B
3155,1184,True,A
3156,1184,False,B
3157,1185,True,A
3158,1185,False,B
3159,1186,True,A
3160,1186,False,B
3161,1187,Choice A for Q1187,A
3162,1187,Choice B for Q1187,B
3163,1187,Choice C for Q1187,C
3164,1187,Choice D for Q1187,D
3165,1188,Choice A for Q1188,A
3166,1188,Choice B for Q1188,B
3167,1188,Choice C for Q1188,C
3168,1188,Choice D for Q1188,D
3169,1189,True,A
3170,1189,False,B
3171,1190,True,A
3172,1190,False,B
3173,1191,True,A
3174,1191,False,B
3175,1192,True,A
3176,1192,False,B
3177,1193,Choice A for Q1193,A
3178,1193,Choice B for Q1193,B
3179,1193,Choice C for Q1193,C
3180,1193,Choice D for Q1193,D
3181,1194,Choice A for Q1194,A
3182,1194,Choice B for Q1194,B
3183,1194,Choice C for Q1194,C
3184,1194,Choice D for Q1194,D
3185,1195,True,A
3186,1195,False,B
3187,1196,True,A
3188,1196,False,B
3189,1197,True,A
3190,1197,False,B
3191,1198,True,A
3192,1198,False,B
3193,1199,Choice A for Q1199,A
3194,1199,Choice B for Q1199,B
3195,1199,Choice C for Q1199,C
3196,1199,Choice D for Q1199,D
3197,1200,Choice A for Q1200,A
3198,1200,Choice B for Q1200,B
3199,1200,Choice C for Q1200,C
3200,1200,Choice D for Q1200,D
